{
  "angles": {
    "A": [
      0.0,
      1.5707963267948966
    ],
    "B": [
      0.7853981633974483,
      -0.7853981633974483
    ]
  },
  "lambdas": [
    0.0,
    0.06666666666666667,
    0.13333333333333333,
    0.2,
    0.26666666666666666,
    0.3333333333333333,
    0.4,
    0.4666666666666667,
    0.5333333333333333,
    0.6
  ],
  "noises": [
    0.0,
    0.04,
    0.08,
    0.12,
    0.16,
    0.2
  ]
}