{
  "test_name": "07_strong_perturbation",
  "timestamp": "2025-11-18T17:57:33.470087",
  "parameters": {
    "C_crit": 0.4,
    "nu_boost_factor": 5.0,
    "nu": 0.001,
    "hbar": 0.1,
    "tau_m": 10.0,
    "kernel_type": "mixed",
    "enable_agency": false,
    "coherence_stabilization": "adaptive_viscosity",
    "delta": 0.03,
    "epsilon": 0.04,
    "T": 15.0,
    "dt": 0.005
  },
  "statistics": {
    "C_min": 0.636721562270257,
    "C_max": 0.636721562270257,
    "C_mean": 0.636721562270257,
    "C_final": 0.636721562270257,
    "C_initial": 0.636721562270257,
    "E_final": 0.004963455193793553,
    "Z_max": 4.4021076132731044e-11,
    "nu_eff_max": 0.001,
    "nu_eff_mean": 0.001,
    "success": true,
    "error": null,
    "t_final": 0.0,
    "frac_below_crit": 0.0,
    "C_std": 0.0,
    "is_frozen": 