{
  "test_name": "06_permissive",
  "timestamp": "2025-11-18T17:57:30.730986",
  "parameters": {
    "C_crit": 0.25,
    "nu_boost_factor": 2.0,
    "nu": 0.001,
    "hbar": 0.1,
    "tau_m": 10.0,
    "kernel_type": "mixed",
    "enable_agency": false,
    "coherence_stabilization": "adaptive_viscosity",
    "delta": 0.05,
    "epsilon": 0.02,
    "T": 15.0,
    "dt": 0.005
  },
  "statistics": {
    "C_min": 0.636930739792647,
    "C_max": 0.636930739792647,
    "C_mean": 0.636930739792647,
    "C_final": 0.636930739792647,
    "C_initial": 0.636930739792647,
    "E_final": 0.004931605018899273,
    "Z_max": 4.163827982687214e-15,
    "nu_eff_max": 0.001,
    "nu_eff_mean": 0.001,
    "success": true,
    "error": null,
    "t_final": 0.0,
    "frac_below_crit": 0.0,
    "C_std": 0.0,
    "is_frozen": 