{
  "test_name": "04_gentle_stabilization",
  "timestamp": "2025-11-20T00:01:19.591557",
  "parameters": {
    "C_crit": 0.4,
    "nu_boost_factor": 3.0,
    "nu": 0.001,
    "hbar": 0.1,
    "tau_m": 10.0,
    "kernel_type": "mixed",
    "enable_agency": false,
    "coherence_stabilization": "adaptive_viscosity",
    "delta": 0.05,
    "epsilon": 0.02,
    "T": 15.0,
    "dt": 0.005
  },
  "statistics": {
    "C_min": 0.636930739792647,
    "C_max": 0.6486587203116706,
    "C_mean": 0.6428608151182746,
    "C_final": 0.6486587203116706,
    "C_initial": 0.636930739792647,
    "E_final": 0.0042960699102278874,
    "Z_max": 4.163827982687214e-15,
    "nu_eff_max": 0.0012804137020794592,
    "nu_eff_mean": 0.0012627662532441646,
    "success": true,
    "error": null,
    "t_final": 14.9,
    "frac_below_crit": 0.0,
    "C_std": 0.0016747712114136835,
    "is_frozen": 