{
  "test_name": "08_goldilocks",
  "timestamp": "2025-11-18T17:57:57.480808",
  "parameters": {
    "C_crit": 0.35,
    "nu_boost_factor": 5.0,
    "nu": 0.001,
    "hbar": 0.1,
    "tau_m": 10.0,
    "kernel_type": "mixed",
    "enable_agency": true,
    "coherence_stabilization": "adaptive_viscosity",
    "delta": 0.08,
    "epsilon": 0.015,
    "T": 20.0,
    "dt": 0.005
  },
  "statistics": {
    "C_min": 0.463966863064656,
    "C_max": 0.6374395710993161,
    "C_mean": 0.46483422660482937,
    "C_final": 0.463966863064656,
    "C_initial": 0.6374395710993161,
    "E_final": 2289.3899536142917,
    "Z_max": 0.000753276638034082,
    "nu_eff_max": 0.0016129533774280147,
    "nu_eff_mean": 0.0016098886105408749,
    "success": true,
    "error": null,
    "t_final": 19.900000000000002,
    "frac_below_crit": 0.0,
    "C_std": 5.551115123125783e-17,
    "is_frozen": 