{
  "test_name": "02_lower_threshold",
  "timestamp": "2025-11-19T20:55:45.651477",
  "parameters": {
    "C_crit": 0.35,
    "nu_boost_factor": 5.0,
    "nu": 0.001,
    "hbar": 0.1,
    "tau_m": 10.0,
    "kernel_type": "mixed",
    "enable_agency": false,
    "coherence_stabilization": "adaptive_viscosity",
    "delta": 0.05,
    "epsilon": 0.02,
    "T": 15.0,
    "dt": 0.005
  },
  "statistics": {
    "C_min": 0.636930739792647,
    "C_max": 0.6486845381292343,
    "C_mean": 0.6428742188998728,
    "C_final": 0.6486845381292343,
    "C_initial": 0.636930739792647,
    "E_final": 0.004295303125721748,
    "Z_max": 4.163827982687214e-15,
    "nu_eff_max": 0.0012834653095415377,
    "nu_eff_mean": 0.001265591155764227,
    "success": true,
    "error": null,
    "t_final": 14.9,
    "frac_below_crit": 0.0,
    "C_std": 0.00167830326373865,
    "is_frozen": 