{
  "baseline": {
    "C_final": 0.07964546315088242
  },
  "mag0": {
    "C_final": 0.0692437891983574,
    "tau_rec": 8462.344845193827
  },
  "phase": {
    "C_final": 0.0692437891983574,
    "tau_rec": 8462.344845193827
  },
  "topk": {
    "C_final": 0.0692437891983574,
    "tau_rec": 8462.344845193827,
    "removed": 51
  }
}