{
  "test_name": "03_smoother_ic",
  "timestamp": "2025-11-19T21:52:46.163724",
  "parameters": {
    "C_crit": 0.5,
    "nu_boost_factor": 5.0,
    "nu": 0.001,
    "hbar": 0.1,
    "tau_m": 10.0,
    "kernel_type": "mixed",
    "enable_agency": false,
    "coherence_stabilization": "adaptive_viscosity",
    "delta": 0.08,
    "epsilon": 0.015,
    "T": 15.0,
    "dt": 0.005
  },
  "statistics": {
    "C_min": 0.6374395710993161,
    "C_max": 0.6570146173880764,
    "C_mean": 0.6475156185491774,
    "C_final": 0.6570146173880764,
    "C_initial": 0.6374395710993161,
    "E_final": 0.004078834014523339,
    "Z_max": 8.614204504153436e-15,
    "nu_eff_max": 0.0022631894684733223,
    "nu_eff_mean": 0.002137169683653699,
    "success": true,
    "error": null,
    "t_final": 14.9,
    "frac_below_crit": 0.0,
    "C_std": 0.0027163666440865727,
    "is_frozen": 