{
  "tension_fit": {
    "tau": 166.43257578811472,
    "y0": 0.3895082147185498,
    "y_inf": 0.00879086617011123,
    "ok": true
  },
  "coherence_fit": {
    "tau": 103.97525615565682,
    "C_inf": 0.8667516684058802,
    "Delta": 0.9862174868173551,
    "ok": true
  },
  "entropy_arch": {
    "H0": 0.039954600262982885,
    "Hmax": 1.562123691518183,
    "Copt": 0.22274982222811335,
    "beta": 10.216245025570194,
    "ok": true
  },
  "crosscorr": {
    "lag_peak": -522,
    "lag_trough": 0,
    "period_steps": 700.0
  },
  "identity_decay": {
    "tau": 0.9075105944635888,
    "y0": 0.9978538674533339,
    "y_inf": 0.7634125203711655,
    "ok": true
  },
  "recognition_decay": {
    "tau": 27.7408703073925,
    "y0": 0.9987122653782337,
    "y_inf": 1.0699445447406527e-06,
    "ok": true
  }
}